-- empty all table
TRUNCATE TABLE REL_PRODUCT_BASKET;
TRUNCATE TABLE BASKET;
TRUNCATE TABLE USER;
TRUNCATE TABLE PRODUCT;

-- ****************************** DATA FOR REL PRODUCT BASKET TESTS ******************************

INSERT INTO USER (USER_ID, USER_NAME, USER_EMAIL) VALUES (0,'tata', 'tata@gmail.com');

INSERT INTO BASKET (BASK_ID, USER_ID, BASK_NUMBER) VALUES (0,0,1);

INSERT INTO PRODUCT (PROD_ID, PROD_BAR_CODE, PROD_NAME, PROD_ENERGY_DENSITY, PROD_SATURATED_FAT, PROD_SUGARS, PROD_SALT, PROD_FIBER, PROD_PROTEINS, PROD_NUT_SCORE) VALUES (0,'0000', 'name', 0, 0, 0, 0, 0, 0, 0);
INSERT INTO PRODUCT (PROD_ID, PROD_BAR_CODE, PROD_NAME, PROD_ENERGY_DENSITY, PROD_SATURATED_FAT, PROD_SUGARS, PROD_SALT, PROD_FIBER, PROD_PROTEINS, PROD_NUT_SCORE) 
VALUES (1,'0001', 'name', 0, 0, 0, 0, 0, 0, 0);

--used by quantityTest and getOrCreateRelBasketProductTest
INSERT INTO REL_PRODUCT_BASKET(REL_ID, REL_PROD_ID, REL_BASK_ID, REL_QUANTITY) VALUES (0,0,0,1);

--data for test getAllProductOfBasketTest
INSERT INTO PRODUCT (PROD_ID, PROD_BAR_CODE, PROD_NAME, PROD_ENERGY_DENSITY, PROD_SATURATED_FAT, PROD_SUGARS, PROD_SALT, PROD_FIBER, PROD_PROTEINS, PROD_NUT_SCORE) VALUES (2,'0002', 'name', 0, 0, 0, 0, 0, 0, 0);
INSERT INTO PRODUCT (PROD_ID, PROD_BAR_CODE, PROD_NAME, PROD_ENERGY_DENSITY, PROD_SATURATED_FAT, PROD_SUGARS, PROD_SALT, PROD_FIBER, PROD_PROTEINS, PROD_NUT_SCORE) VALUES (3,'0003', 'name', 0, 0, 0, 0, 0, 0, 0);
INSERT INTO BASKET (BASK_ID, USER_ID, BASK_NUMBER) VALUES (1,0,3);
INSERT INTO REL_PRODUCT_BASKET(REL_ID, REL_PROD_ID, REL_BASK_ID, REL_QUANTITY) VALUES (1,2,1,1);
INSERT INTO REL_PRODUCT_BASKET(REL_ID, REL_PROD_ID, REL_BASK_ID, REL_QUANTITY) VALUES (2,3,1,1);

--data for test deleteProductInBasketTest
INSERT INTO PRODUCT (PROD_ID, PROD_BAR_CODE, PROD_NAME, PROD_ENERGY_DENSITY, PROD_SATURATED_FAT, PROD_SUGARS, PROD_SALT, PROD_FIBER, PROD_PROTEINS, PROD_NUT_SCORE) VALUES (4,'0004', 'name', 0, 0, 0, 0, 0, 0, 0);
INSERT INTO PRODUCT (PROD_ID, PROD_BAR_CODE, PROD_NAME, PROD_ENERGY_DENSITY, PROD_SATURATED_FAT, PROD_SUGARS, PROD_SALT, PROD_FIBER, PROD_PROTEINS, PROD_NUT_SCORE) VALUES (5,'0005', 'name', 0, 0, 0, 0, 0, 0, 0);
INSERT INTO BASKET (BASK_ID, USER_ID, BASK_NUMBER) VALUES (2,0,4);
INSERT INTO REL_PRODUCT_BASKET(REL_ID, REL_PROD_ID, REL_BASK_ID, REL_QUANTITY) VALUES (3,4,2,1);
INSERT INTO REL_PRODUCT_BASKET(REL_ID, REL_PROD_ID, REL_BASK_ID, REL_QUANTITY) VALUES (4,5,2,2);

--data for test productOfBasketEmptyTest
INSERT INTO BASKET (BASK_ID, USER_ID, BASK_NUMBER) VALUES (3,0,5);

-- ****************************** DATA FOR USER TESTS ******************************

-- create data for deletion user test
INSERT INTO USER (USER_ID, USER_NAME, USER_EMAIL) VALUES (1,'delete', 'delete@gmail.com');

-- data for test CreateUserWithAnEmailWichAlreadyExistTest
INSERT INTO USER (USER_ID, USER_NAME, USER_EMAIL) VALUES (5,'User', 'userWhoAlreadyExist@gmail.com');

-- ****************************** DATA FOR PRODUCT TESTS ******************************

-- data for getOrAddProductIdTest and getProductIdTest and getInfoTest
INSERT INTO PRODUCT (PROD_ID, PROD_BAR_CODE, PROD_NAME, PROD_ENERGY_DENSITY, PROD_SATURATED_FAT, PROD_SUGARS, PROD_SALT, PROD_FIBER, PROD_PROTEINS, PROD_NUT_SCORE) VALUES (6,'0006', 'name', 0, 0, 0, 0, 0, 0, 0);
--do not create product 0007 and 0008

-- ****************************** DATA FOR BASKET TESTS ******************************
INSERT INTO USER (USER_ID, USER_NAME, USER_EMAIL) VALUES (2,'basket', 'basket@gmail.com');

-- data for test getOrAddBasketIdTest and getBasketIdTest
INSERT INTO BASKET (BASK_ID, USER_ID, BASK_NUMBER) VALUES (4,2,1);
-- do not create basket id (?, 2, 2) and (?, 2, 3)

-- data for test summaryOfBasketTest
INSERT INTO USER (USER_ID, USER_NAME, USER_EMAIL) VALUES (3,'basket2', 'basket2@gmail.com');
INSERT INTO BASKET (BASK_ID, USER_ID, BASK_NUMBER) VALUES (5,3,1);
INSERT INTO REL_PRODUCT_BASKET(REL_ID, REL_PROD_ID, REL_BASK_ID, REL_QUANTITY) VALUES (5,5,5,1);
INSERT INTO REL_PRODUCT_BASKET(REL_ID, REL_PROD_ID, REL_BASK_ID, REL_QUANTITY) VALUES (6,6,5,2);

-- data for test deleteProductOfBasketTest
INSERT INTO BASKET (BASK_ID, USER_ID, BASK_NUMBER) VALUES (6,3,2);
INSERT INTO REL_PRODUCT_BASKET(REL_ID, REL_PROD_ID, REL_BASK_ID, REL_QUANTITY) VALUES (7,5,6,1);

INSERT INTO BASKET (BASK_ID, USER_ID, BASK_NUMBER) VALUES (7,3,3);
INSERT INTO REL_PRODUCT_BASKET(REL_ID, REL_PROD_ID, REL_BASK_ID, REL_QUANTITY) VALUES (8,5,7,2);

INSERT INTO BASKET (BASK_ID, USER_ID, BASK_NUMBER) VALUES (8,3,4);
INSERT INTO REL_PRODUCT_BASKET(REL_ID, REL_PROD_ID, REL_BASK_ID, REL_QUANTITY) VALUES (9,5,8,1);
INSERT INTO REL_PRODUCT_BASKET(REL_ID, REL_PROD_ID, REL_BASK_ID, REL_QUANTITY) VALUES (10,6,8,1);

-- data for test addProductToBasketTest
INSERT INTO USER (USER_ID, USER_NAME, USER_EMAIL) VALUES (4,'basket3', 'basket3@gmail.com');
INSERT INTO BASKET (BASK_ID, USER_ID, BASK_NUMBER) VALUES (9,4,1);

INSERT INTO PRODUCT (PROD_ID, PROD_BAR_CODE, PROD_NAME, PROD_ENERGY_DENSITY, PROD_SATURATED_FAT, PROD_SUGARS, PROD_SALT, PROD_FIBER, PROD_PROTEINS, PROD_NUT_SCORE) VALUES (7,'ExistingBarCode', 'name', 0, 0, 0, 0, 0, 0, 0);
-- do not add something to basket (?,4,1)
-- do not use basket (?,4,2)
INSERT INTO BASKET (BASK_ID, USER_ID, BASK_NUMBER) VALUES (10,4,3);
INSERT INTO BASKET (BASK_ID, USER_ID, BASK_NUMBER) VALUES (11,4,4);