-- empty all table
TRUNCATE TABLE REL_PRODUCT_BASKET;
TRUNCATE TABLE BASKET;
TRUNCATE TABLE USER;
TRUNCATE TABLE PRODUCT;
TRUNCATE TABLE nutrition_score;

-- ****************************** DATA FOR REL PRODUCT BASKET TESTS ******************************

INSERT INTO USER (USER_ID, USER_NAME, USER_EMAIL) VALUES (0,'tata', 'tata@gmail.com');

INSERT INTO BASKET (BASK_ID, USER_ID, BASK_NUMBER) VALUES (0,0,1);

INSERT INTO PRODUCT (PROD_ID, PROD_BAR_CODE, PROD_NAME, PROD_ENERGY_DENSITY, PROD_SATURATED_FAT, PROD_SUGARS, PROD_SALT, PROD_FIBER, PROD_PROTEINS, PROD_NUT_SCORE) 
VALUES (0,'3229820129488', 'Mélange biologique de céréales', 1503.0, 1.0, 13.0, 0.09, 10.0, 12.0, -3);
INSERT INTO PRODUCT (PROD_ID, PROD_BAR_CODE, PROD_NAME, PROD_ENERGY_DENSITY, PROD_SATURATED_FAT, PROD_SUGARS, PROD_SALT, PROD_FIBER, PROD_PROTEINS, PROD_NUT_SCORE) 
VALUES (1,'7613034480996', 'Chocolat noir supérieur', 2314.0, 20.0, 46.0, 0.0, 7.4, 5.9, 18);

--used by quantityTest and getOrCreateRelBasketProductTest
INSERT INTO REL_PRODUCT_BASKET(REL_ID, REL_PROD_ID, REL_BASK_ID, REL_QUANTITY) VALUES (0,0,0,1);

--data for test getAllProductOfBasketTest
INSERT INTO PRODUCT (PROD_ID, PROD_BAR_CODE, PROD_NAME, PROD_ENERGY_DENSITY, PROD_SATURATED_FAT, PROD_SUGARS, PROD_SALT, PROD_FIBER, PROD_PROTEINS, PROD_NUT_SCORE) 
VALUES (2,'3228850004031', 'Pain de mie complet', 1091.0, 0.4, 4.9, 1.19888, 4.8, 8.6, -6);
INSERT INTO PRODUCT (PROD_ID, PROD_BAR_CODE, PROD_NAME, PROD_ENERGY_DENSITY, PROD_SATURATED_FAT, PROD_SUGARS, PROD_SALT, PROD_FIBER, PROD_PROTEINS, PROD_NUT_SCORE) 
VALUES (3,'7300400117869', 'Biscottes', 1388.0, 1.0, 2.0, 1.24968, 29.0, 13.5, -5);
INSERT INTO BASKET (BASK_ID, USER_ID, BASK_NUMBER) VALUES (1,0,3);
INSERT INTO REL_PRODUCT_BASKET(REL_ID, REL_PROD_ID, REL_BASK_ID, REL_QUANTITY) VALUES (1,2,1,1);
INSERT INTO REL_PRODUCT_BASKET(REL_ID, REL_PROD_ID, REL_BASK_ID, REL_QUANTITY) VALUES (2,3,1,1);

--data for test deleteProductInBasketTest
INSERT INTO PRODUCT (PROD_ID, PROD_BAR_CODE, PROD_NAME, PROD_ENERGY_DENSITY, PROD_SATURATED_FAT, PROD_SUGARS, PROD_SALT, PROD_FIBER, PROD_PROTEINS, PROD_NUT_SCORE) 
VALUES (4,'3124480208842', 'Boisson rafraîchissante aux fruits', 146.0 ,0.0, 8.2, 0.0, 0.0, 0.1, 1);
	
INSERT INTO PRODUCT (PROD_ID, PROD_BAR_CODE, PROD_NAME, PROD_ENERGY_DENSITY, PROD_SATURATED_FAT, PROD_SUGARS, PROD_SALT, PROD_FIBER, PROD_PROTEINS, PROD_NUT_SCORE) 
VALUES (5,'7613034232465', 'Jambon cuit supérieur', 445.0, 1.0, 0.5, 1.8288, 0.5, 20.0, -30);
INSERT INTO BASKET (BASK_ID, USER_ID, BASK_NUMBER) VALUES (2,0,4);
INSERT INTO REL_PRODUCT_BASKET(REL_ID, REL_PROD_ID, REL_BASK_ID, REL_QUANTITY) VALUES (3,4,2,1);
INSERT INTO REL_PRODUCT_BASKET(REL_ID, REL_PROD_ID, REL_BASK_ID, REL_QUANTITY) VALUES (4,5,2,2);

--data for test productOfBasketEmptyTest
INSERT INTO BASKET (BASK_ID, USER_ID, BASK_NUMBER) VALUES (3,0,5);

-- ****************************** DATA FOR USER TESTS ******************************

-- create data for deletion user test
INSERT INTO USER (USER_ID, USER_NAME, USER_EMAIL) VALUES (1,'delete', 'delete@gmail.com');

-- data for test CreateUserWithAnEmailWichAlreadyExistTest
INSERT INTO USER (USER_ID, USER_NAME, USER_EMAIL) VALUES (5,'User', 'userWhoAlreadyExist@gmail.com');

-- ****************************** DATA FOR PRODUCT TESTS ******************************

-- data for getOrAddProductIdTest and getProductIdTest and getInfoTest
INSERT INTO PRODUCT (PROD_ID, PROD_BAR_CODE, PROD_NAME, PROD_ENERGY_DENSITY, PROD_SATURATED_FAT, PROD_SUGARS, PROD_SALT, PROD_FIBER, PROD_PROTEINS, PROD_NUT_SCORE) 
VALUES (6,'7622210449283', 'Biscuits fourrés parfum chocolat', 1955.0, 5.6, 32.0, 0.58, 4.0	, 6.4, 9);
--do not create product 3033710065967 and 3073780258098

-- ****************************** DATA FOR BASKET TESTS ******************************
INSERT INTO USER (USER_ID, USER_NAME, USER_EMAIL) VALUES (2,'basket', 'basket@gmail.com');

-- data for test getOrAddBasketIdTest and getBasketIdTest
INSERT INTO BASKET (BASK_ID, USER_ID, BASK_NUMBER) VALUES (4,2,1);
-- do not create basket id (?, 2, 2) and (?, 2, 3)

-- data for test summaryOfBasketTest
INSERT INTO USER (USER_ID, USER_NAME, USER_EMAIL) VALUES (3,'basket2', 'basket2@gmail.com');
INSERT INTO BASKET (BASK_ID, USER_ID, BASK_NUMBER) VALUES (5,3,1);
INSERT INTO REL_PRODUCT_BASKET(REL_ID, REL_PROD_ID, REL_BASK_ID, REL_QUANTITY) VALUES (5,5,5,1);
INSERT INTO REL_PRODUCT_BASKET(REL_ID, REL_PROD_ID, REL_BASK_ID, REL_QUANTITY) VALUES (6,6,5,2);

-- data for test deleteProductOfBasketTest
INSERT INTO BASKET (BASK_ID, USER_ID, BASK_NUMBER) VALUES (6,3,2);
INSERT INTO REL_PRODUCT_BASKET(REL_ID, REL_PROD_ID, REL_BASK_ID, REL_QUANTITY) VALUES (7,5,6,1);

INSERT INTO BASKET (BASK_ID, USER_ID, BASK_NUMBER) VALUES (7,3,3);
INSERT INTO REL_PRODUCT_BASKET(REL_ID, REL_PROD_ID, REL_BASK_ID, REL_QUANTITY) VALUES (8,5,7,2);

INSERT INTO BASKET (BASK_ID, USER_ID, BASK_NUMBER) VALUES (8,3,4);
INSERT INTO REL_PRODUCT_BASKET(REL_ID, REL_PROD_ID, REL_BASK_ID, REL_QUANTITY) VALUES (9,5,8,1);
INSERT INTO REL_PRODUCT_BASKET(REL_ID, REL_PROD_ID, REL_BASK_ID, REL_QUANTITY) VALUES (10,6,8,1);

-- data for test addProductToBasketTest
INSERT INTO USER (USER_ID, USER_NAME, USER_EMAIL) VALUES (4,'basket3', 'basket3@gmail.com');
INSERT INTO BASKET (BASK_ID, USER_ID, BASK_NUMBER) VALUES (9,4,1);

INSERT INTO PRODUCT (PROD_ID, PROD_BAR_CODE, PROD_NAME, PROD_ENERGY_DENSITY, PROD_SATURATED_FAT, PROD_SUGARS, PROD_SALT, PROD_FIBER, PROD_PROTEINS, PROD_NUT_SCORE) 
VALUES (7,'3017760314190', 'Biscuits aux céréales', 1841.0, 3.8, 28.0, 0.51, 7.1, 7.8, 50);
-- do not add something to basket (?,4,1)
-- do not use basket (?,4,2)
INSERT INTO BASKET (BASK_ID, USER_ID, BASK_NUMBER) VALUES (10,4,3);
INSERT INTO BASKET (BASK_ID, USER_ID, BASK_NUMBER) VALUES (11,4,4);

-- ****************************** DATA FOR nutrition score TESTS ******************************

INSERT INTO nutrition_score(id, classe, lower_bound, upper_bound, color) values(1, 'Trop Bon', -10, -1, 'green');
INSERT INTO nutrition_score(id, classe, lower_bound, upper_bound, color) values(2, 'Bon', 0, 2, 'light green');
INSERT INTO nutrition_score(id, classe, lower_bound, upper_bound, color) values(3, 'Mangeable', 3, 10, 'yellow');
INSERT INTO nutrition_score(id, classe, lower_bound, upper_bound, color) values(4, 'Mouai', 11, 18, 'orange');
INSERT INTO nutrition_score(id, classe, lower_bound, upper_bound, color) values(5, 'Degueu', 19, 40, 'green');